PathXDx FFPE Archive — availability by organ and diagnostic category,,,,,,,,
Case ranges. '<5' indicates limited material — please enquire.,,,,,,,,
,,,,,,,,
Organ / tissue,Normal / control,Benign,Pre-malignant,Malignant,Total cases,of which inflammatory / infectious,Age at collection,Sex split
Skin,"2,500-5,000","10,000+",100-250,"10,000+","10,000+",250-500,13-90+ (median 80),48% F / 52% M
Colon,"5,000-10,000","5,000-10,000","10,000+",250-500,"10,000+","5,000-10,000",13-90+ (median 73),48% F / 52% M
Gastric,"2,500-5,000","2,500-5,000",5-25,25-100,"5,000-10,000","2,500-5,000",27-90+ (median 73),62% F / 38% M
Prostate,"5,000-10,000",25-100,-,"1,000-2,500","5,000-10,000",25-100,49-90+ (median 79),1% F / 99% M
Endocervix,"5,000-10,000",25-100,25-100,5-25,"5,000-10,000",25-100,12-90+ (median 43),100% F / 0% M
Small Intestine,"2,500-5,000",250-500,5-25,5-25,"5,000-10,000","2,500-5,000",29-90+ (median 67),63% F / 37% M
Esophagus,"2,500-5,000","1,000-2,500",5-25,25-100,"2,500-5,000","1,000-2,500",29-90+ (median 71),58% F / 42% M
Cervix/Endocervix,"2,500-5,000",100-250,5-25,5-25,"2,500-5,000",<5,27-90+ (median 41),100% F / 0% M
Cervix,"1,000-2,500","500-1,000",100-250,25-100,"2,500-5,000",100-250,29-90+ (median 49),100% F / 0% M
Breast,"500-1,000","500-1,000",250-500,"500-1,000","1,000-2,500",5-25,27-90+ (median 62),96% F / 4% M
Endometrium,"1,000-2,500",100-250,<5,100-250,"1,000-2,500",25-100,33-90+ (median 62),100% F / 0% M
Soft Tissue,"500-1,000","500-1,000",5-25,25-100,"1,000-2,500",25-100,13-90+ (median 64),54% F / 46% M
Gallbladder,25-100,"1,000-2,500",<5,<5,"1,000-2,500","1,000-2,500",25-90+ (median 59),75% F / 25% M
Rectum,250-500,"500-1,000",250-500,25-100,"1,000-2,500",100-250,33-90+ (median 75),46% F / 54% M
Bladder,100-250,100-250,-,250-500,"500-1,000",100-250,26-90+ (median 84),31% F / 69% M
Cecum,100-250,100-250,250-500,5-25,"500-1,000",25-100,32-90+ (median 79),46% F / 54% M
Lymph Node,100-250,25-100,<5,100-250,250-500,<5,16-90+ (median 74),57% F / 43% M
Bronchus,100-250,25-100,-,100-250,250-500,5-25,33-90+ (median 78),50% F / 50% M
Lung,100-250,25-100,<5,100-250,250-500,<5,34-90+ (median 82),55% F / 45% M
Tonsil,250-500,5-25,-,5-25,250-500,<5,14-90+ (median 35),65% F / 35% M
Kidney,5-25,25-100,25-100,25-100,250-500,25-100,28-90+ (median 70),51% F / 49% M
Thyroid,100-250,5-25,5-25,5-25,250-500,5-25,22-90+ (median 68),85% F / 15% M
Hernia,100-250,25-100,-,-,100-250,<5,13-90+ (median 68),33% F / 67% M
Liver,25-100,100-250,-,25-100,100-250,25-100,43-90+ (median 70),45% F / 55% M
Nasal Tissue,25-100,100-250,-,5-25,100-250,5-25,17-90+ (median 62),29% F / 71% M
Uterus,100-250,5-25,<5,<5,100-250,5-25,39-90+ (median 59),Female
Vagina,25-100,5-25,<5,5-25,100-250,<5,30-90+ (median 66),99% F / 1% M
Bone,25-100,25-100,-,5-25,100-250,5-25,25-90+ (median 65),57% F / 43% M
Ovary,25-100,5-25,5-25,5-25,100-250,<5,26-90+ (median 51),Female
Oral,25-100,25-100,<5,5-25,100-250,<5,14-90+ (median 66),50% F / 50% M
Anus,25-100,5-25,<5,5-25,100-250,<5,38-90+ (median 66),56% F / 44% M
Cyst,25-100,25-100,<5,-,25-100,<5,14-90+ (median 61),57% F / 43% M
Muscle,25-100,<5,-,-,25-100,<5,12-90+ (median 54),39% F / 61% M
Appendix,25-100,25-100,<5,<5,25-100,25-100,16-90+ (median 61),60% F / 40% M
Sinus,5-25,25-100,-,5-25,25-100,5-25,30-90+ (median 59),42% F / 58% M
Fallopian Tube,25-100,<5,-,-,25-100,<5,32-90+ (median 48),Female
Tongue,25-100,5-25,-,5-25,25-100,<5,21-90+ (median 69),55% F / 45% M
Ovary and Fallopian Tube,25-100,5-25,5-25,<5,25-100,<5,36-90+ (median 62),Female
Testis,25-100,5-25,-,5-25,25-100,-,20-90+ (median 65),2% F / 98% M
Peritoneum,5-25,5-25,-,5-25,25-100,-,32-90+ (median 76),86% F / 14% M
Placenta,25-100,<5,-,-,25-100,25-100,30-58 (median 43),Female
Uterine Contents,25-100,5-25,-,<5,25-100,-,29-87 (median 48),Female
Vulva,<5,25-100,-,<5,25-100,<5,35-90+ (median 68),Female
Pleura,5-25,5-25,-,5-25,25-100,5-25,42-90+ (median 81),66% F / 34% M
Nerve,25-100,<5,-,<5,25-100,-,42-90+ (median 72),45% F / 55% M
Uvula,5-25,5-25,-,-,25-100,-,16-90+ (median 59),19% F / 81% M
Hemorrhoids,5-25,<5,-,-,5-25,-,36-90+ (median 56),52% F / 48% M
Adenoids,5-25,<5,-,-,5-25,-,16-90+ (median 30),33% F / 67% M
Pharynx,5-25,<5,-,<5,5-25,-,42-90+ (median 69),67% F / 33% M
Artery,5-25,<5,-,-,5-25,-,50-90+ (median 82),55% F / 45% M
Conjunctiva,5-25,<5,-,<5,5-25,-,35-90+ (median 81),35% F / 65% M
Urethra,5-25,<5,-,<5,5-25,<5,40-90+ (median 77),55% F / 45% M
Bile Duct,5-25,<5,-,5-25,5-25,-,34-90+ (median 83),68% F / 32% M
Intervertebral Disk,5-25,5-25,-,<5,5-25,-,43-90+ (median 71),37% F / 63% M
Vocal Cord,5-25,<5,-,<5,5-25,-,34-80 (median 67),42% F / 58% M
Joint,5-25,5-25,-,<5,5-25,<5,37-90+ (median 67),44% F / 56% M
Vein,5-25,-,-,-,5-25,-,38-90+ (median 65),50% F / 50% M
Epididymis,5-25,<5,-,-,5-25,<5,62-87 (median 68),Male
Larynx,5-25,<5,-,<5,5-25,-,17-90+ (median 78),71% F / 29% M
Parathyroid,5-25,-,5-25,-,5-25,<5,48-90+ (median 68),71% F / 29% M
Omentum,5-25,<5,-,<5,5-25,-,30-90+ (median 76),67% F / 33% M
Finger,<5,5-25,-,-,5-25,<5,13-88 (median 63),36% F / 64% M
Heart,5-25,<5,-,-,5-25,-,65-90+ (median 75),40% F / 60% M
Nasopharynx,5-25,<5,-,<5,5-25,-,43-85 (median 68),40% F / 60% M
Tendon,5-25,<5,-,-,5-25,-,45-87 (median 64),50% F / 50% M
Spleen,5-25,<5,-,<5,5-25,-,47-90+ (median 69),78% F / 22% M
Brain,5-25,<5,-,-,5-25,-,12-90+ (median 52),25% F / 75% M
Eye,5-25,<5,-,-,5-25,-,23-84 (median 71),63% F / 37% M
Ureter,<5,-,-,<5,5-25,-,34-87 (median 77),38% F / 62% M
Extremity,<5,5-25,-,-,5-25,<5,45-70 (median 67),14% F / 86% M
Bursa,<5,<5,-,-,5-25,<5,29-80 (median 71),33% F / 67% M
Stomach,5-25,-,-,-,5-25,-,54-83 (median 79),50% F / 50% M
Adrenal Gland,<5,-,<5,<5,5-25,-,70-87 (median 81),40% F / 60% M
Vas Deferens,<5,<5,-,-,5-25,-,51-58 (median 55),Male
Pancreas,<5,<5,-,<5,<5,-,39-90+ (median 86),50% F / 50% M
Salivary Gland,<5,<5,-,<5,<5,-,31-71 (median 69),50% F / 50% M
Vertebral Column,<5,-,-,<5,<5,-,41-89 (median 71),50% F / 50% M
Ear,<5,<5,-,-,<5,-,24-60 (median 31),33% F / 67% M
Trachea,<5,-,-,<5,<5,-,35-76 (median 35),67% F / 33% M
Penis,-,<5,-,-,<5,-,22-69 (median 46),Male
Fetus,-,<5,-,-,<5,<5,37-37 (median 37),Female
Retroperitoneum,<5,-,-,-,<5,-,90+-90+ (median 90+),Female
Seminal Vesicle,<5,-,-,-,<5,-,86-86 (median 86),Male
,,,,,,,,
"Non-tissue specimen types held separately (not FFPE blocks): Body Cavity, Bone Marrow, Cerebrospinal Fluid, Peripheral Blood, Sputum, Urine",,,,,,,,
,,,,,,,,
Case ranges. '<5' indicates limited material — please enquire.,,,,,,,,
Inflammatory / infectious counts overlap the categories to their left and are not additive.,,,,,,,,
Counts exclude the Unknown diagnostic category.,,,,,,,,
